reaction_id,flux
v1,100.0
v2,99.80019980019982
v3,99.80019980019982
v4,99.80019980019982
v_dil,0.1998001998001998
