reaction_id,flux
v1,100.00000000000001
v2,100.00000000000001
v3,99.80019980019982
v4,100.0
v_dil,0.1998001998001998
